{
    "name": "root",
    "gauges": {
        "Balance.Policy.Entropy.mean": {
            "value": 1.3149312734603882,
            "min": 1.3149253129959106,
            "max": 1.3635399341583252,
            "count": 40
        },
        "Balance.Policy.Entropy.sum": {
            "value": 65830.71875,
            "min": 65591.5,
            "max": 69180.5625,
            "count": 40
        },
        "Balance.Environment.EpisodeLength.mean": {
            "value": 674.671052631579,
            "min": 381.67164179104475,
            "max": 674.671052631579,
            "count": 40
        },
        "Balance.Environment.EpisodeLength.sum": {
            "value": 51275.0,
            "min": 25572.0,
            "max": 66585.0,
            "count": 40
        },
        "Balance.Step.mean": {
            "value": 2999945.0,
            "min": 1049949.0,
            "max": 2999945.0,
            "count": 40
        },
        "Balance.Step.sum": {
            "value": 2999945.0,
            "min": 1049949.0,
            "max": 2999945.0,
            "count": 40
        },
        "Balance.Policy.ExtrinsicValueEstimate.mean": {
            "value": 9.675280570983887,
            "min": 8.908737182617188,
            "max": 9.675280570983887,
            "count": 40
        },
        "Balance.Policy.ExtrinsicValueEstimate.sum": {
            "value": 7933.72998046875,
            "min": 7563.51806640625,
            "max": 7934.1533203125,
            "count": 40
        },
        "Balance.Environment.CumulativeReward.mean": {
            "value": 67.20526892495782,
            "min": 40.15818524441936,
            "max": 67.20526892495782,
            "count": 40
        },
        "Balance.Environment.CumulativeReward.sum": {
            "value": 5107.600438296795,
            "min": 3797.7003241181374,
            "max": 6516.100558400154,
            "count": 40
        },
        "Balance.Policy.ExtrinsicReward.mean": {
            "value": 67.20526892495782,
            "min": 40.15818524441936,
            "max": 67.20526892495782,
            "count": 40
        },
        "Balance.Policy.ExtrinsicReward.sum": {
            "value": 5107.600438296795,
            "min": 3797.7003241181374,
            "max": 6516.100558400154,
            "count": 40
        },
        "Balance.Losses.PolicyLoss.mean": {
            "value": 0.02518397913314402,
            "min": 0.021266582331930593,
            "max": 0.026985389815332987,
            "count": 40
        },
        "Balance.Losses.PolicyLoss.sum": {
            "value": 0.1259198956657201,
            "min": 0.0873927621015658,
            "max": 0.13492694907666494,
            "count": 40
        },
        "Balance.Losses.ValueLoss.mean": {
            "value": 0.04376582525360088,
            "min": 0.0319017570776244,
            "max": 0.28869945128758745,
            "count": 40
        },
        "Balance.Losses.ValueLoss.sum": {
            "value": 0.21882912626800438,
            "min": 0.15950878538812202,
            "max": 1.4434972564379374,
            "count": 40
        },
        "Balance.Policy.LearningRate.mean": {
            "value": 2.556079148006662e-06,
            "min": 2.556079148006662e-06,
            "max": 0.0001973965592011583,
            "count": 40
        },
        "Balance.Policy.LearningRate.sum": {
            "value": 1.2780395740033311e-05,
            "min": 1.2780395740033311e-05,
            "max": 0.0009638434787189001,
            "count": 40
        },
        "Balance.Policy.Epsilon.mean": {
            "value": 0.10085199333333332,
            "min": 0.10085199333333332,
            "max": 0.16579884166666667,
            "count": 40
        },
        "Balance.Policy.Epsilon.sum": {
            "value": 0.5042599666666666,
            "min": 0.4232688,
            "max": 0.8212811,
            "count": 40
        },
        "Balance.Policy.Beta.mean": {
            "value": 5.2514467333333265e-05,
            "min": 5.2514467333333265e-05,
            "max": 0.003293362199166667,
            "count": 40
        },
        "Balance.Policy.Beta.sum": {
            "value": 0.0002625723366666663,
            "min": 0.0002625723366666663,
            "max": 0.016081926890000004,
            "count": 40
        },
        "Balance.IsTraining.mean": {
            "value": 1.0,
            "min": 1.0,
            "max": 1.0,
            "count": 40
        },
        "Balance.IsTraining.sum": {
            "value": 1.0,
            "min": 1.0,
            "max": 1.0,
            "count": 40
        }
    },
    "metadata": {
        "timer_format_version": "0.1.0",
        "start_time_seconds": "1673802438",
        "python_version": "3.9.0 (tags/v3.9.0:9cf6752, Oct  5 2020, 15:34:40) [MSC v.1927 64 bit (AMD64)]",
        "command_line_arguments": "C:\\Users\\gagan\\Desktop\\CGL\\CGS-RnD-ML-Agents\\venv\\Scripts\\mlagents-learn C:\\Users\\gagan\\Desktop\\CGL\\CGS-RnD-ML-Agents\\results\\a1\\configuration.yaml --run-id=a1 --resume",
        "mlagents_version": "0.30.0",
        "mlagents_envs_version": "0.30.0",
        "communication_protocol_version": "1.5.0",
        "pytorch_version": "1.7.1+cu110",
        "numpy_version": "1.21.2",
        "end_time_seconds": "1673803582"
    },
    "total": 1143.7719271,
    "count": 1,
    "self": 0.012380500000062966,
    "children": {
        "run_training.setup": {
            "total": 0.08065140000000004,
            "count": 1,
            "self": 0.08065140000000004
        },
        "TrainerController.start_learning": {
            "total": 1143.6788952,
            "count": 1,
            "self": 1.694346099995073,
            "children": {
                "TrainerController._reset_env": {
                    "total": 3.8275532999999995,
                    "count": 1,
                    "self": 3.8275532999999995
                },
                "TrainerController.advance": {
                    "total": 1138.1243464000045,
                    "count": 86224,
                    "self": 1.5608938999741895,
                    "children": {
                        "env_step": {
                            "total": 690.6549542000068,
                            "count": 86224,
                            "self": 515.1463475999781,
                            "children": {
                                "SubprocessEnvManager._take_step": {
                                    "total": 174.5588490000202,
                                    "count": 86225,
                                    "self": 5.463094300017474,
                                    "children": {
                                        "TorchPolicy.evaluate": {
                                            "total": 169.09575470000271,
                                            "count": 83400,
                                            "self": 169.09575470000271
                                        }
                                    }
                                },
                                "workers": {
                                    "total": 0.9497576000086259,
                                    "count": 86224,
                                    "self": 0.0,
                                    "children": {
                                        "worker_root": {
                                            "total": 1122.6858114000024,
                                            "count": 86224,
                                            "is_parallel": true,
                                            "self": 733.5736765999978,
                                            "children": {
                                                "steps_from_proto": {
                                                    "total": 0.006181900000001184,
                                                    "count": 2,
                                                    "is_parallel": true,