{"count":1,"self":19.080675199999998,"total":141.3496242,"children":{"InitializeActuators":{"count":24,"self":0.0009983,"total":0.0009983,"children":null},"InitializeSensors":{"count":24,"self":0.0019944999999999997,"total":0.0019944999999999997,"children":null},"AgentSendState":{"count":42584,"self":0.2859394,"total":1.6682428999999999,"children":{"CollectObservations":{"count":204408,"self":0.3613669,"total":0.3613669,"children":null},"WriteActionMask":{"count":204408,"self":0.0369697,"total":0.0369697,"children":null},"RequestDecision":{"count":204408,"self":0.25493509999999997,"total":0.9839669,"children":{"AgentInfo.ToProto":{"count":204408,"self":0.2178147,"total":0.7290318,"children":{"GenerateSensorData":{"count":204408,"self":0.5112171,"total":0.5112171,"children":null}}}}}}},"DecideAction":{"count":42584,"self":117.0916864,"total":117.0916888,"children":null},"AgentAct":{"count":42584,"self":3.405648,"total":3.5050274,"children":{"AgentInfo.ToProto":{"count":8647,"self":0.0376445,"total":0.099379399999999993,"children":{"GenerateSensorData":{"count":8647,"self":0.061734899999999995,"total":0.061734899999999995,"children":null}}}}}},"gauges":{"Balance.CumulativeReward":{"count":8647,"max":5.99999571,"min":-0.1999999,"runningAverage":1.34024668,"value":0.300000221,"weightedAverage":0.5344101}},"metadata":{"timer_format_version":"0.1.0","start_time_seconds":"1672381742","unity_version":"2021.3.3f1","command_line_arguments":"C:\\Program Files\\Unity\\Hub\\Editor\\2021.3.3f1\\Editor\\Unity.exe -projectpath C:\\Users\\gagan\\Desktop\\CGL\\CGS-RnD-ML-Agents -useHub -hubIPC -cloudEnvironment production -licensingIpc LicenseClient-Akul -hubSessionId 052215c0-8804-11ed-8883-91e3f3f54302 -accessToken LFPXTvCEfLRWPZ6imyTsYg0qeD_TpWPK8bdrvIHRFyY00cf","communication_protocol_version":"1.5.0","com.unity.ml-agents_version":"2.0.1","scene_name":"SampleScene","end_time_seconds":"1672381883"}}